{"cameraMode":{"drawMode":0,"name":"Shaded","section":"Shading Mode"},"sceneLighting":true,"audioPlay":false,"sceneViewState":{"m_AlwaysRefresh":false,"showFog":true,"showSkybox":true,"showFlares":true,"showImageEffects":true,"showParticleSystems":true,"showVisualEffectGraphs":true,"m_FxEnabled":true},"in2DMode":false,"pivot":{"x":0.10266762971878052,"y":0.4372827112674713,"z":0.06254959106445313},"rotation":{"x":-0.01501601655036211,"y":-0.9847702980041504,"z":-0.11125488579273224,"w":0.13286596536636353},"size":0.4928039610385895,"orthographic":false}